"My Cart (1 item)","Cosul meu (1 produs)","module","Magento_Checkout"
"My Cart (%1 items)","Cosul meu (%1 produse)","module","Magento_Checkout"
"My Cart","Cosul meu","module","Magento_Checkout"
"Sign Out","Deconectare","module","Magento_Customer"
"Sign In","Conectare","module","Magento_Customer"
"You subscribe to our newsletter.","Vă abonați la newsletter.","module","Magento_Customer"
"You don't subscribe to our newsletter.","Nu vă abonați la newsletter.","module","Magento_Customer"
"You have not set a default shipping address.","Nu ați setat o adresă de livrare implicită.","module","Magento_Customer"
"You have not set a default billing address.","Nu ați setat o adresă de facturare implicită.","module","Magento_Customer"
"Address Book","Agendă","module","Magento_Customer"
"Edit Address","Editați adresa","module","Magento_Customer"
"Add New Address","Adaugați adresă nouă","module","Magento_Customer"
"region","regiune","module","Magento_Customer"
"Create Order","Creați comandă","module","Magento_Customer"
"Save Customer","Salvați client","module","Magento_Customer"
"Delete Customer","ștergeți client","module","Magento_Customer"
"Reset Password","Resetați parolă","module","Magento_Customer"
"Are you sure you want to revoke the customer's tokens?","Sunteți sigur că doriți să revocați simbolurile clientului?","module","Magento_Customer"
"Force Sign-In","Forțați conectarea","module","Magento_Customer"
"New Customer","Client nou","module","Magento_Customer"
"Save and Continue Edit","Salvați și continuați editarea","module","Magento_Customer"
"Back","înapoi","module","Magento_Customer"
"Please select","Selectați","module","Magento_Customer"
"Reset","Resetați","module","Magento_Customer"
"ID","ID","module","Magento_Customer"
"Product","Produs","module","Magento_Customer"
"SKU","Unitate de înmagazinare","module","Magento_Customer"
"Quantity","Cantitate","module","Magento_Customer"
"Price","Preț","module","Magento_Customer"
"Total","Total","module","Magento_Customer"
"Action","Acțiune","module","Magento_Customer"
"Configure","Configurați","module","Magento_Customer"
"Delete","ștergeți","module","Magento_Customer"
"Shopping Cart from %1","Coș de cumpărături de la %1","module","Magento_Customer"
"Newsletter","Buletin informativ","module","Magento_Customer"
"Newsletter Information","Informații buletin informativ","module","Magento_Customer"
"Subscribed to Newsletter","Abonat la buletinul informativ","module","Magento_Customer"
"Last Date Subscribed","Ultima dată a abonării","module","Magento_Customer"
"Last Date Unsubscribed","Ultima dată a dezabonării","module","Magento_Customer"
"No Newsletter Found","Nici un buletin informativ găsit","module","Magento_Customer"
"Start date","Dată de început","module","Magento_Customer"
"End Date","Dată de sfârșit","module","Magento_Customer"
"Receive Date","Data de primire","module","Magento_Customer"
"Subject","Subiect","module","Magento_Customer"
"Status","Status","module","Magento_Customer"
"Sent","Trimis","module","Magento_Customer"
"Cancel","Anulați","module","Magento_Customer"
"Not Sent","Netrimis","module","Magento_Customer"
"Sending","în curs de trimitere","module","Magento_Customer"
"Paused","întrerupt","module","Magento_Customer"
"View","Vizualizare","module","Magento_Customer"
"Unknown","Necunoscut","module","Magento_Customer"
"Order","Comandă","module","Magento_Customer"
"Purchased","Achiziționat","module","Magento_Customer"
"Bill-to Name","Nume facturare","module","Magento_Customer"
"Ship-to Name","Nume livrare","module","Magento_Customer"
"Order Total","Total comandă","module","Magento_Customer"
"Purchase Point","Punct de achiziție","module","Magento_Customer"
"Customer View","Vedere client","module","Magento_Customer"
"There are no items in customer's shopping cart.","Nu sunt articole în coșul de cumpărături al clientului.","module","Magento_Customer"
"Qty","Cantitate","module","Magento_Customer"
"Confirmed","Confirmat","module","Magento_Customer"
"Confirmation Required","Confirmarea este necesară","module","Magento_Customer"
"Confirmation Not Required","Confirmarea nu este necesară","module","Magento_Customer"
"Indeterminate","Nedefinit","module","Magento_Customer"
"The customer does not have default billing address.","Clientul nu are o adresă de facturare implicită.","module","Magento_Customer"
"Offline","Deconectat","module","Magento_Customer"
"Online","Conectat","module","Magento_Customer"
"Never","Niciodată","module","Magento_Customer"
"Deleted Stores","ștergeți magazine","module","Magento_Customer"
"Add Locale","Adăugați regiune","module","Magento_Customer"
"Add Date","Adăugați dată","module","Magento_Customer"
"Days in Wish List","Zile în lista de dorințe","module","Magento_Customer"
"No","Nu","module","Magento_Customer"
"Yes","Da","module","Magento_Customer"
"Delete File","ștergeți fișier","module","Magento_Customer"
"Download","Descărcați","module","Magento_Customer"
"Delete Image","ștergeți imagine","module","Magento_Customer"
"View Full Size","Vizualizare mărime normală","module","Magento_Customer"
"All countries","Toate țările","module","Magento_Customer"
"Customer Groups","Grupuri de clienți","module","Magento_Customer"
"Add New Customer Group","Adăugați grup de clienți nou","module","Magento_Customer"
"Save Customer Group","Salvați grup de clienți","module","Magento_Customer"
"Delete Customer Group","ștergeți grup de clienți","module","Magento_Customer"
"New Customer Group","Grup de clienți nou","module","Magento_Customer"
"Edit Customer Group ""%1""","Editați grup de clienți ""%1""","module","Magento_Customer"
"Group Information","Informații grup","module","Magento_Customer"
"Group Name","Nume grup","module","Magento_Customer"
"Maximum length must be less then %1 symbols","Lungimea maximă trebuie să fie mai mică de %1 simboluri","module","Magento_Customer"
"Tax Class","Clasa de impozitare","module","Magento_Customer"
"The customer is now assigned to Customer Group %s.","Clientul este acum atribuit grupului de clienți %s.","module","Magento_Customer"
"Would you like to change the Customer Group for this order?","Doriți să schimbați grupul de clienți pentru această comandă?","module","Magento_Customer"
"The VAT ID is valid.","Valoare TVA nevalidă","module","Magento_Customer"
"The VAT ID entered (%s) is not a valid VAT ID.","Valoarea TVA introdusă (%s) nu este un ID TVA valid.","module","Magento_Customer"
"The VAT ID is valid. The current Customer Group will be used.","Valoare TVA validă. Se va folosi grupul de clienți curent.","module","Magento_Customer"
"The VAT ID is valid but no Customer Group is assigned for it.","ID-ul valorii TVA este valid, dar nu i-a fost atribuit nici unui grup de clienți.","module","Magento_Customer"
"Based on the VAT ID, the customer belongs to the Customer Group %s.","Bazat pe ID-ul valorii TVA, clientul aparține grupului de clienți %s.","module","Magento_Customer"
"Something went wrong while validating the VAT ID.","A avut loc o eroare la validarea ID-ului valorii TVA.","module","Magento_Customer"
"The customer would belong to Customer Group %s.","Clientul aparșine grupului de clienți %s.","module","Magento_Customer"
"There was an error detecting Customer Group.","A avut loc o eroare la detectarea grupului de clienți.","module","Magento_Customer"
"Validate VAT Number","Validare număr TVA","module","Magento_Customer"
"Customer Login","Conectare client","module","Magento_Customer"
"Create New Customer Account","Creați Cont client nou","module","Magento_Customer"
"Date of Birth","Data nașterii","module","Magento_Customer"
"Bad request.","Solicitare greșită.","module","Magento_Customer"
"This confirmation key is invalid or has expired.","Această cheie de confirmare este nevalidă sau a expirat.","module","Magento_Customer"
"There was an error confirming the account","A avut loc o eroare la confirmarea contului.","module","Magento_Customer"
"If you are a registered VAT customer, please click <a href=""%1"">here</a> to enter your shipping address for proper VAT calculation.","Dacă sunteți un client TVA înregistrat, faceți click pe <a href=""%1"">aici</a> pentru a introduce adresa de livrare pentru calcularea valorii TVA .","module","Magento_Customer"
"If you are a registered VAT customer, please click <a href=""%1"">here</a> to enter your billing address for proper VAT calculation.","Dacă sunteți un client TVA înregistrat, faceți click pe<a href=""%1"">aici</a> pentru a introduce adresa de facturare pentru o calculare precisă a valorii TVA.","module","Magento_Customer"
"Thank you for registering with %1.","Vă mulțumim că v-ați înregistrat la %1.","module","Magento_Customer"
"Please check your email for confirmation key.","Verificați-vă adresa de email pentru codul de confirmare.","module","Magento_Customer"
"This email does not require confirmation.","Acest email nu necesită confirmare.","module","Magento_Customer"
"Wrong email.","Adresă email greșită.","module","Magento_Customer"
"Your password reset link has expired.","Link-ul de resetare a parolei a expirat.","module","Magento_Customer"
"You must confirm your account. Please check your email for the confirmation link or <a href=""%1"">click here</a> for a new link.","Trebuie să vă activați contul. Verificați-vă adresa de email pentru codul de confirmare sau <a href=""%1"">faceți click aici</a> pentru un link nou.","module","Magento_Customer"
"There is already an account with this email address. If you are sure that it is your email address, <a href=""%1"">click here</a> to get your password and access your account.","Există deja un cont înregistrat cu această aresă de emails. Dacă sunteți sigur că este adresa dumneavoastră de email, <a href=""%1"">faceți click aici</a> pentru a obține parola și a vă accesa contul.","module","Magento_Customer"
"We can't save the customer.","Clientul nu poate fi salvat.","module","Magento_Customer"
"Please make sure your passwords match.","Asigurați-vă că parolele coincid.","module","Magento_Customer"
"If you are a registered VAT customer, please <a href=""%1"">click here</a> to enter your shipping address for proper VAT calculation.","Dacă sunteți un client TVA înregistrat, <a href=""%1"">faceți click aici</a> pentru a introduce adresa de livrare pentru calcularea precisă valorii TVA .","module","Magento_Customer"
"If you are a registered VAT customer, please <a href=""%1"">click here</a> to enter your billing address for proper VAT calculation.","Dacă sunteți un client TVA înregistrat, please <a href=""%1"">faceți click aici</a> pentru a introduce adresa de facturare pentru o calculare precisă a valorii TVA.","module","Magento_Customer"
"Account Information","Informații cont","module","Magento_Customer"
"Invalid input","Input nevalid","module","Magento_Customer"
"You saved the account information.","Ați salvat informațiile de cont","module","Magento_Customer"
"Please enter new password.","Introduceți noua parolă.","module","Magento_Customer"
"Confirm your new password.","Confirmați noua parolă.","module","Magento_Customer"
"Something went wrong while changing the password.","A avut loc o eroare la schimbarea parolei.","module","Magento_Customer"
"Please correct the email address.","Corectați adresa de email.","module","Magento_Customer"
"We're unable to send the password reset email.","Nu s-a putut trimite email-ul pentru resetarea parolei.","module","Magento_Customer"
"Please enter your email.","Introduceți email-ul dumneavoastră.","module","Magento_Customer"
"If there is an account associated with %1 you will receive an email with a link to reset your password.","Dacă există un cont asociat cu %1 veți primi un email cu link-ul pentru resetarea parolei.","module","Magento_Customer"
"My Account","Contul meu.","module","Magento_Customer"
"This account is not confirmed. <a href=""%1"">Click here</a> to resend confirmation email.","Acest cont nu a fost activat. <a href=""%1"">Faceți click aici</a> pentru a retrimite email-ul de activare.","module","Magento_Customer"
"Invalid login or password.","Utilizator sau parolă nevalidă().","module","Magento_Customer"
"A login and a password are required.","Un nume de utilizator și o parolă sunt necesare.","module","Magento_Customer"
"New Password and Confirm New Password values didn't match.","Valorile din Parolă Nouă și Confirmare Parolă Nouă nu coincid.","module","Magento_Customer"
"Please enter a new password.","Introduceți o parolă nouă.","module","Magento_Customer"
"You updated your password.","V-ați actualizat parola.","module","Magento_Customer"
"Something went wrong while saving the new password.","A avut loc o eroare la salvarea noii parole.","module","Magento_Customer"
"You deleted the address.","Ați șters adresa.","module","Magento_Customer"
"We can't delete the address right now.","Nu se poate șterge adresa momentan.","module","Magento_Customer"
"You saved the address.","Ați salvat adresa","module","Magento_Customer"
"We can't save the address.","Nu se poate salva adresa.","module","Magento_Customer"
"No customer ID defined.","Nici un ID client definit.","module","Magento_Customer"
"Please correct the quote items and try again.","Corectați articolele de căutare și încercați din nou.","module","Magento_Customer"
"You have revoked the customer's tokens.","Ați revocat simbolurile clientului.","module","Magento_Customer"
"We can't find a customer to revoke.","Nu se poate găsi un client pentru revocare.","module","Magento_Customer"
"You deleted the customer group.","Ați șters grupul de clienți.","module","Magento_Customer"
"The customer group no longer exists.","Grupul de clinți nu mai există.","module","Magento_Customer"
"Customers","Clienți","module","Magento_Customer"
"New Group","Grup nou","module","Magento_Customer"
"New Customer Groups","Grupuri clienți noi","module","Magento_Customer"
"Edit Group","Editați grup","module","Magento_Customer"
"Edit Customer Groups","Editați grupuri de clienți","module","Magento_Customer"
"You saved the customer group.","Ați salvat grupul de clienți","module","Magento_Customer"
"Please select customer(s).","Selectați client/clienți.","module","Magento_Customer"
"Customer could not be deleted.","Clientul nu poate fi șters.","module","Magento_Customer"
"You deleted the customer.","Ați șters clientul","module","Magento_Customer"
"Something went wrong while editing the customer.","A avut loc o eroare la editarea clientului.","module","Magento_Customer"
"Manage Customers","Gestionați clienți","module","Magento_Customer"
"Please correct the data sent.","Corectați informațiile trimise.","module","Magento_Customer"
"A total of %1 record(s) were updated.","Un total de %1 registre au fost actualizate.","module","Magento_Customer"
"A total of %1 record(s) were deleted.","Un total de %1 registre au fost șterse.","module","Magento_Customer"
"The customer will receive an email with a link to reset password.","Clientul va primi un email cu un link pentru resetarea parolei.","module","Magento_Customer"
"Something went wrong while resetting customer password.","A avut loc o eroare la resetarea parolei clientului.","module","Magento_Customer"
"You saved the customer.","Ați salvat clientul.","module","Magento_Customer"
"Something went wrong while saving the customer.","A avut loc o eroare la salvarea clientului.","module","Magento_Customer"
"Page not found.","Pagina nu a fost găsită.","module","Magento_Customer"
"Online Customers","Clienți conectați","module","Magento_Customer"
"Customers Now Online","Clienți conectați acum","module","Magento_Customer"
"Please define Wish List item ID.","Definiți ID-ul articolului Listă de Dorințe.","module","Magento_Customer"
"Please load Wish List item.","încărcați articolul Listă de Dorințe.","module","Magento_Customer"
"Login successful.","Conectare reușită.","module","Magento_Customer"
"""%1"" section source is not supported","Sursa secțiunii ""%1"" nu este acceptată.","module","Magento_Customer"
"%1 doesn't extend \Magento\Customer\CustomerData\SectionSourceInterface","%1 nu se extinde \Magento\Client\InformațiiClient\InterfațăSursăSecțiune","module","Magento_Customer"
"No confirmation needed.","Nu este nevoie de confirmare.","module","Magento_Customer"
"Account already active","Cont deja activ.","module","Magento_Customer"
"Invalid confirmation token","Simbol confirmare nevalid.","module","Magento_Customer"
"This account is not confirmed.","Acest cont nu este activat.","module","Magento_Customer"
"This customer already exists in this store.","Acest client există deja în acest magazin.","module","Magento_Customer"
"A customer with the same email already exists in an associated website.","Un client cu aceeașiadresă de email există deja într-un website asociat.","module","Magento_Customer"
"The password doesn't match this account.","Parola nu coincide cu acest cont.","module","Magento_Customer"
"Please enter a password with at least %1 characters.","Introduceți o parolă cu minimum %1 caractere.","module","Magento_Customer"
"The password can't begin or end with a space.","Parola nu poate începe și nu se poate termina cu spațiu.","module","Magento_Customer"
"Reset password token mismatch.","Nepotrivire simbol resetare parolă.","module","Magento_Customer"
"Reset password token expired.","Simbol resetare parolă expirat.","module","Magento_Customer"
"Please correct the transactional account email type.","Corectați tipul email-ului de cont tranzacțional.","module","Magento_Customer"
"Please enter the first name.","Introduceți prenumele.","module","Magento_Customer"
"Please enter the last name.","Introduceți numele.","module","Magento_Customer"
"Please enter the street.","Introduceți strada.","module","Magento_Customer"
"Please enter the city.","Introduceți orașul.","module","Magento_Customer"
"Please enter the phone number.","Introduceți numărul de telefon.","module","Magento_Customer"
"Please enter the zip/postal code.","Introduceți codul poștal.","module","Magento_Customer"
"Please enter the country.","Introduceți țara.","module","Magento_Customer"
"Please enter the state/province.","Introduceți stat/zonă.","module","Magento_Customer"
"""%1"" is a required value.","""%1"" este o valoare necesară.","module","Magento_Customer"
"Global","Global","module","Magento_Customer"
"Per Website","Pe Website","module","Magento_Customer"
"We can't share customer accounts globally when the accounts share identical email addresses on more than one website.","Conturile de client nu pot fi partajate la nivel global în cazurile în care conturile au aceeași adresă de email sau mai mult de un website.","module","Magento_Customer"
"Billing Address","Adresa de facturare","module","Magento_Customer"
"Shipping Address","adresa de livrare","module","Magento_Customer"
"-- Please Select --","-- Selectați --","module","Magento_Customer"
"Please enter a first name.","Introduceți prenumele.","module","Magento_Customer"
"Please enter a last name.","Introduceți numele.","module","Magento_Customer"
"Please correct this email address: ""%1"".","Corectați adresa de email: ""%1"".","module","Magento_Customer"
"Please enter a date of birth.","Introduceți o dată de naștere.","module","Magento_Customer"
"Please enter a TAX/VAT number.","Introduceți un număr de taxă/TVA.","module","Magento_Customer"
"Please enter a gender.","Introduceți genul.","module","Magento_Customer"
"Please enter a valid password reset token.","Introduceți un simbol valid petru resetarea parolei.","module","Magento_Customer"
"The password can not begin or end with a space.","Această parolă n poate începe și nu se poa.te termina cu spațiu","module","Magento_Customer"
"Admin","Administrator","module","Magento_Customer"
"Attribute object is undefined","Obiectul atribut este nedefinit","module","Magento_Customer"
"""%1"" invalid type entered.","Tip ""%1"" nevalid introdus .","module","Magento_Customer"
"""%1"" contains non-alphabetic or non-numeric characters.","""%1"" conține caractere non alfanumerice.","module","Magento_Customer"
"""%1"" is an empty string.","""%1"" este un șir gol.","module","Magento_Customer"
"""%1"" contains non-numeric characters.","""%1"" conține caractere non numerice.","module","Magento_Customer"
"""%1"" contains non-alphabetic characters.","""%1"" conține caractere non alfabetice.","module","Magento_Customer"
"""%1"" is not a valid email address.","""%1"" nu este o adresă de email validă.","module","Magento_Customer"
"""%1"" is not a valid hostname.","""%1"" nume gazdă nevalid.","module","Magento_Customer"
"""%1"" uses too many characters.","""%1"" folosește pra multe caractere.","module","Magento_Customer"
"%value%' looks like an IP address, which is not an acceptable format.","%value%' arată ca o adresă IP, care nu este un format acceptat.","module","Magento_Customer"
"%value%' looks like a DNS hostname but we cannot match the TLD against known list.","%value%' arată ca un nume de gazdă DNS, dar TLS-ul nu coincide cu lista cunoscută.","module","Magento_Customer"
"%value%' looks like a DNS hostname but contains a dash in an invalid position.","%value%' arată ca un nume de gazdă DNS, dar conține o cratimă intr-o poziție nevalidă.","module","Magento_Customer"
"%value%' looks like a DNS hostname but we cannot match it against the hostname schema for TLD '%tld%'.","%value%' arată ca un nume de gazdă DNS, dar nu coincide cu schema numelui de gazdă pentru TLD '%tld%'.","module","Magento_Customer"
"%value%' looks like a DNS hostname but cannot extract TLD part.","%value%' arată ca un nume de gazdă DNS, dar nu poate extrage partea TLD.","module","Magento_Customer"
"%value%' does not look like a valid local network name.","%value%' nu arată ca un nume de rețea locală valid.","module","Magento_Customer"
"%value%' looks like a local network name, which is not an acceptable format.","%value%' arată ca un nume de rețea locală, care nu este un format acceptat.","module","Magento_Customer"
"%value%' appears to be a DNS hostname, but the given punycode notation cannot be decoded.","%value%' pare a fi un nume de gazdă DNS, dar notația punycode dată nu poate fi decodată.","module","Magento_Customer"
"""%1"" is not a valid URL.","""%1"" nu este un URL valid.","module","Magento_Customer"
"""%1"" is not a valid date.","""%1"" nu este o dată validă.","module","Magento_Customer"
"""%1"" does not fit the entered date format.","""%1"" nu coincide cu formatul datei introdus.","module","Magento_Customer"
"Please enter a valid date between %1 and %2 at %3.","Introduceți o dată validă între %1 și %2 la %3.","module","Magento_Customer"
"Please enter a valid date equal to or greater than %1 at %2.","Introduceți o dată validă, egală cu sau mai mare decât %1 la %2.","module","Magento_Customer"
"Please enter a valid date less than or equal to %1 at %2.","Introduceți o dată validă, mai mică decât sau egală cu %1 la %2.","module","Magento_Customer"
"""%1"" is not a valid file extension.","""%1"" nu este o extensie de fișier validă.","module","Magento_Customer"
"""%1"" is not a valid file.","""%1"" nu este un fișier valid.","module","Magento_Customer"
"""%1"" exceeds the allowed file size.","""%1"" depășește mărimea admisă.","module","Magento_Customer"
"""%1"" is not a valid image format.","""%1"" nu este un format de imagine valid.","module","Magento_Customer"
"""%1"" width exceeds allowed value of %2 px.","Lățimea ""%1"" depășește valoarea admisă de %2 px.","module","Magento_Customer"
"""%1"" height exceeds allowed value of %2 px.","înălțimea ""%1"" depășește valoarea admisă de %2 px.","module","Magento_Customer"
"""%1"" length must be equal or greater than %2 characters.","Lungimea ""%1"" trebuie să fie egală sau mai mare de %2 caractere.","module","Magento_Customer"
"""%1"" length must be equal or less than %2 characters.","Lungimea ""%1"" trebuie să fie egală sau mai mică de %2 caractere.","module","Magento_Customer"
"label","etichetă","module","Magento_Customer"
"Please enter a customer email.","Introduceți o adresă email de client.","module","Magento_Customer"
"A customer website ID must be specified when using the website scope.","Un ID de website al clientului trebuie specificat la folosirea domeniului website-ului.","module","Magento_Customer"
"Customer Group","Grup de clienți","module","Magento_Customer"
"You can't delete group ""%1"".","Nu se poate șterge grupul ""%1"".","module","Magento_Customer"
"Customer Group already exists.","Grupul de clienți deja există.","module","Magento_Customer"
"Cannot delete group.","Grupul nu poate fi șters.","module","Magento_Customer"
"Error during VAT Number verification.","Eroare la verificarea numărului TVA.","module","Magento_Customer"
"PHP SOAP extension is required.","Extensia PHP SOAP este necesară.","module","Magento_Customer"
"VAT Number is valid.","Număr TVA valid.","module","Magento_Customer"
"Please enter a valid VAT number.","Introduceți un număr TVA valid.","module","Magento_Customer"
"Your VAT ID was successfully validated.","ID-ul dumneavoastră TVA a fost validat cu succes.","module","Magento_Customer"
"You will be charged tax.","Veți plăti o taxă.","module","Magento_Customer"
"You will not be charged tax.","Nu veți plăti nici o taxă","module","Magento_Customer"
"The VAT ID entered (%1) is not a valid VAT ID.","TVA-ul introdus (%1) nu este un ID TVA valid.","module","Magento_Customer"
"Your Tax ID cannot be validated.","ID-ul dumneavoastră de taxă nu poate fi validat.","module","Magento_Customer"
"If you believe this is an error, please contact us at %1","Daca aceasta este o eroare, contactați-ne la %1","module","Magento_Customer"
"Male","Bărbat","module","Magento_Customer"
"Female","Femeie","module","Magento_Customer"
"Not Specified","Nespecificat","module","Magento_Customer"
"Thank you for registering with","Mulțumim pentru că v-ați înregistrat la","module","Magento_Customer"
"enter your billing address for proper VAT calculation","introduceți adresa de facturare pentru o calculare precisă TVA","module","Magento_Customer"
"enter your shipping address for proper VAT calculation","introduceți adresa de livrare pentru o calculare precisă TVA","module","Magento_Customer"
"message","mesaj","module","Magento_Customer"
"NoSuchEntityException","Nici o excepție de entitate","module","Magento_Customer"
"Exception","Excepție","module","Magento_Customer"
"InputException","ExcepțieInput","module","Magento_Customer"
"Exception message","Mesaj excepție","module","Magento_Customer"
"Validator Exception","Validator excepție","module","Magento_Customer"
"Localized Exception","Excepție localizată","module","Magento_Customer"
"Label","Etichetă","module","Magento_Customer"
"Select...","Selectați...","module","Magento_Customer"
"Edit","Editați","module","Magento_Customer"
"Visitor","Vizitator","module","Magento_Customer"
"Customer","Client","module","Magento_Customer"
"No item specified.","Nici un articol specificat","module","Magento_Customer"
"Are you sure you want to remove this item?","Sunteți sigur că doriți să ștergeți acest articol?","module","Magento_Customer"
"Personal Information","Informații personale","module","Magento_Customer"
"Last Logged In:","Ultima conectare:","module","Magento_Customer"
"Last Logged In (%1):","Ultima conectare (%1):","module","Magento_Customer"
"Confirmed email:","Email confirmat:","module","Magento_Customer"
"Account Created:","Cont creat:","module","Magento_Customer"
"Account Created on (%1):","Cont creat la (%1):","module","Magento_Customer"
"Account Created in:","Cont creat în:","module","Magento_Customer"
"Customer Group:","Grup clienți:","module","Magento_Customer"
"Default Billing Address","Adresă facturare implicită","module","Magento_Customer"
"Sales Statistics","Statistici vânzări","module","Magento_Customer"
"Web Site","Web Site","module","Magento_Customer"
"Store","Magazin","module","Magento_Customer"
"Store View","Vizualizare magazin","module","Magento_Customer"
"Lifetime Sales","Vânzări la termen","module","Magento_Customer"
"Average Sale","Medie vânzare","module","Magento_Customer"
"All Store Views","Toate vizualizările magazinului","module","Magento_Customer"
"Change","Modificați","module","Magento_Customer"
"Manage Addresses","Gestionați adrese","module","Magento_Customer"
"Default Shipping Address","Adresă de livrare implicită","module","Magento_Customer"
"Contact Information","Informații de contact","module","Magento_Customer"
"Change Password","Modificați parola","module","Magento_Customer"
"Newsletters","Buletine informative","module","Magento_Customer"
"You subscribe to ""General Subscription"".","V-ați abonat la ""Abonare generală"".","module","Magento_Customer"
"or","sau","module","Magento_Customer"
"Default Addresses","Adrese implicite","module","Magento_Customer"
"Change Billing Address","Modificați adresa de facturare","module","Magento_Customer"
"You have no default billing address in your address book.","Nu aveți adrese de facturare implicite în agendă.","module","Magento_Customer"
"Change Shipping Address","Modificați adresa de livrare","module","Magento_Customer"
"You have no default shipping address in your address book.","Nu aveți adrese de livrare implicite în agendă.","module","Magento_Customer"
"Additional Address Entries","Intrări adrese suplimentare","module","Magento_Customer"
"Delete Address","ștergeți adresă","module","Magento_Customer"
"You have no other address entries in your address book.","Nu aveți intrări de adrese în agendă.","module","Magento_Customer"
"* Required Fields","* Câmpuri obligatorii","module","Magento_Customer"
"Company","Companie","module","Magento_Customer"
"Phone Number","Număr de telefon","module","Magento_Customer"
"Fax","Fax","module","Magento_Customer"
"Address","Adresă","module","Magento_Customer"
"Street Address","Adresă stradă","module","Magento_Customer"
"Street Address %1","Adresă stradă %1","module","Magento_Customer"
"VAT Number","Număr TVA","module","Magento_Customer"
"City","Oraș","module","Magento_Customer"
"State/Province","Stat/zonă","module","Magento_Customer"
"Please select a region, state or province.","Selectați o regiune, un stat sau o zonă.","module","Magento_Customer"
"Zip/Postal Code","Cod poștal","module","Magento_Customer"
"Country","#NAME?","module","Magento_Customer"
"Use as my default billing address","Folosiți ca adresă de facturare implicită","module","Magento_Customer"
"Use as my default shipping address","Folosiți ca adresă de livrare implicită","module","Magento_Customer"
"Save Address","Salvați adresa","module","Magento_Customer"
"Go back","înapoi","module","Magento_Customer"
"Please enter your email below and we will send you the confirmation link.","Introduceți mai jos adresa de email și vă vom trimite link-ul de confirmare.","module","Magento_Customer"
"Email","Email","module","Magento_Customer"
"Send confirmation link","Trimiteți link de confirmare","module","Magento_Customer"
"Back to Sign In","înapoi la Conectare","module","Magento_Customer"
"Current Password","Parolă curentă","module","Magento_Customer"
"New Password","Parolă nouă","module","Magento_Customer"
"Confirm New Password","Confirmați parolă nouă","module","Magento_Customer"
"Save","Salvați","module","Magento_Customer"
"Please enter your email address below to receive a password reset link.","Introduceți mai jos adresa de email pentru a primi link-ul de resetare parolă.","module","Magento_Customer"
"Submit","Trimiteți","module","Magento_Customer"
"Registered Customers","Clienți înregistrați","module","Magento_Customer"
"If you have an account, sign in with your email address.","Dacă aveți un cont creat, conectați-vă cu adresa de email.","module","Magento_Customer"
"Password","Parolă","module","Magento_Customer"
"Login","Conectare","module","Magento_Customer"
"Forgot Your Password?","V-ați uitat parola?","module","Magento_Customer"
"Subscription option","Opțiune abonare","module","Magento_Customer"
"General Subscription","Abonare generală","module","Magento_Customer"
"Sign Up for Newsletter","Inscrieți-vă la buletinul informativ","module","Magento_Customer"
"Address Information","Informații adresă","module","Magento_Customer"
"Sign-in Information","Informații conectare","module","Magento_Customer"
"Confirm Password","Confirmați parolă","module","Magento_Customer"
"Create an Account","Creați cont","module","Magento_Customer"
"Set a New Password","Setați o parolă nouă","module","Magento_Customer"
"You have signed out and will go to our homepage in 5 seconds.","V-ați deconectat și veți merge la pagina principală in 5 secunde.","module","Magento_Customer"
"New Customers","Clienți noi","module","Magento_Customer"
"Creating an account has many benefits: check out faster, keep more than one address, track orders and more.","Crearea unui cont are multe beneficii: check aut rapid, păstrarea mai multor adrese, urmărirea comenzilor și altele.","module","Magento_Customer"
"Gender","Gen","module","Magento_Customer"
"Name","Nume","module","Magento_Customer"
"Tax/VAT number","Număr taxă/TVA","module","Magento_Customer"
"%name,","%nume,","module","Magento_Customer"
"Welcome to %store_name.","Bine ați venit la %nume_magazin.","module","Magento_Customer"
"To sign in to our site, use these credentials during checkout or on the <a href=""%customer_url"">My Account</a> page:","Pentru a vă conecta pe site-ul nostru, folosiți credențialele în timpul checkout-ului sau pe pagina <a href=""%customer_url"">Contul Meu</a> :","module","Magento_Customer"
"Email:","Email:","module","Magento_Customer"
"Password:","Parolă:","module","Magento_Customer"
"Password you set when creating account","Parola setată la crearea contului","module","Magento_Customer"
"Forgot your account password? Click <a href=""%reset_url"">here</a> to reset it.","V-ați uitat parola? Faceți click <a href=""%reset_url"">aici</a> pentru resetare.","module","Magento_Customer"
"When you sign in to your account, you will be able to:","Când vă veți conecta la contul dumneavoastră, veți putea să:","module","Magento_Customer"
"Proceed through checkout faster","Treceți mai repede prin procesul de checkout","module","Magento_Customer"
"Check the status of orders","Verificași statusul comenzilor","module","Magento_Customer"
"View past orders","Vizualizați comenzi precedente","module","Magento_Customer"
"Store alternative addresses (for shipping to multiple family members and friends)","Stocați adrese alternative (pentru livrare către multipli membri ai familiei și prieteni)","module","Magento_Customer"
"You must confirm your %customer_email email before you can sign in (link is only valid once):","Trebuie să confirmați adresa dumneavoastră de %email_client înainte de a vă conecta (link-ul este valid o singură dată):","module","Magento_Customer"
"Confirm Your Account","Confirmați-vă contul","module","Magento_Customer"
"Thank you for confirming your %store_name account.","Vă mulțumim v-ați confirmat contul %nume_magazin.","module","Magento_Customer"
"To sign in to our site and set a password, click on the <a href=""%create_password_url"">link</a>:","Pentru conectarea pe site-ul nostru și setarea unei parole, faceși click pe <a href=""%creați_parolă_url"">link</a>:","module","Magento_Customer"
"There was recently a request to change the password for your account.","A existat recent o solicitare de schimbare a parolei pentru contul dumneavoastră.","module","Magento_Customer"
"If you requested this change, set a new password here:","Dacă dumneavoastră ați solicitat această schimbare, setați parola nouă aici:","module","Magento_Customer"
"If you did not make this request, you can ignore this email and your password will remain the same.","Dacă nu dumneavoastră ați făcut această solicitare, ignorați acest email și parola dumneavosată va rămâne aceeași.","module","Magento_Customer"
"The password for your account has been successfully changed.","Parola pentru contul dumneavoastră a fost schimbată cu succes.","module","Magento_Customer"
"If you did not request this change, please contact us.","Daca nu ați solicitat această schimbare, contactați-ne.","module","Magento_Customer"
"Are you sure you want to do this?","Sunteți sigur că doriți să efectuați această operațiune?","module","Magento_Customer"
"Are you sure you want to delete this address?","Suntețu sigur că doriți să ștergeți această adresă?","module","Magento_Customer"
"Customer Configuration","Configurație client","module","Magento_Customer"
"Account Sharing Options","Opțiuni partajare cont","module","Magento_Customer"
"Share Customer Accounts","Partajare conturi client","module","Magento_Customer"
"Create New Account Options","Creați opțiuni cont noi","module","Magento_Customer"
"Enable Automatic Assignment to Customer Group","Activați atribuiri automate pentru grup clienți","module","Magento_Customer"
"Tax Calculation Based On","Calculate taxe pe baza","module","Magento_Customer"
"Default Group","Grup implicit","module","Magento_Customer"
"Group for Valid VAT ID - Domestic","Grup pentru ID TVA valid - Intern","module","Magento_Customer"
"Group for Valid VAT ID - Intra-Union","Grup pentru ID TVA valid - Intra-Uniune","module","Magento_Customer"
"Group for Invalid VAT ID","Grup pentru ID TVA valid","module","Magento_Customer"
"Validation Error Group","Eroare validare grup","module","Magento_Customer"
"Validate on Each Transaction","Validați la fiecare tranzacție","module","Magento_Customer"
"Default Value for Disable Automatic Group Changes Based on VAT ID","Valoare implicită pentru dezactivarea modificărilor automate de grup pe baza ID-ului TVA","module","Magento_Customer"
"Show VAT Number on Storefront","Afișați numărul TVA în Vitrină","module","Magento_Customer"
"To show VAT number on Storefront, set Show VAT Number on Storefront option to Yes.","Pentru a afișa numărul TVA în Vitrină, setați opțiunea Afișați Număr TVA în Vitrină la DA.","module","Magento_Customer"
"Default Email Domain","Domeniu Email Implicit","module","Magento_Customer"
"Default Welcome Email","Email de Bun Venit Implicit","module","Magento_Customer"
"Email template chosen based on theme fallback when ""Default"" option is selected.","șablon email ales pe baza temei fallback atunci când opțiunea ""Implicit"" este selectată.","module","Magento_Customer"
"Default Welcome Email Without Password","Email de Bun Venit Implicit fără parolă","module","Magento_Customer"
"This email will be sent instead of the Default Welcome Email, if a customer was created without password. <br /><br />
  Email template chosen based on theme fallback when ""Default"" option is selected.","Acest email va fi trimis în locul email-ului implicit de Bun Venit, pentru clienții creați fără parolă. <br /><br />
  șablon email ales pe baza temei fallback atunci când opțiunea ""Implicit"" este selectată.","module","Magento_Customer"
"Email Sender","Expeditor Email","module","Magento_Customer"
"Require Emails Confirmation","Necesită confirmare prin email","module","Magento_Customer"
"Confirmation Link Email","Link Email de Confirmare","module","Magento_Customer"
"Welcome Email","Email de Bun Venit","module","Magento_Customer"
"This email will be sent instead of the Default Welcome Email, after account confirmation. <br /><br />
  Email template chosen based on theme fallback when ""Default"" option is selected.","Acest email va fi trimis în locul email-ului implicit de Bun Venit, după confirmarea contului. <br /><br />
  șablon email ales pe baza temei fallback atunci când opțiunea ""Implicit"" este selectată.","module","Magento_Customer"
"Generate Human-Friendly Customer ID","Generați ID client ușor de utilizat","module","Magento_Customer"
"Password Options","Opțiuni parolă","module","Magento_Customer"
"Forgot Email Template","șablon Am uitat adresa de email","module","Magento_Customer"
"Remind Email Template","șablon reamintire adresă de email","module","Magento_Customer"
"Reset Password Template","șablon resetare parolă","module","Magento_Customer"
"Password Template Email Sender","șablon parolă email expeditor","module","Magento_Customer"
"Recovery Link Expiration Period (days)","Perioadă expirare link recuperare (zile)","module","Magento_Customer"
"Please enter a number 1 or greater in this field.","Introduceți un număr egal cu sau mai mare decât 1 în acest câmp.","module","Magento_Customer"
"Name and Address Options","Opțiuni Nume și Adresă","module","Magento_Customer"
"Number of Lines in a Street Address","Număr de linii într-o adresă de stradă","module","Magento_Customer"
"Leave empty for default (2). Valid range: 1-4","Lăsați gol pentru valoare implicită (2). Interval valid: 1-4","module","Magento_Customer"
"Show Prefix","Afișați prefix","module","Magento_Customer"
"The title that goes before name (Mr., Mrs., etc.)","Titlul dinaintea numelui (Dl., Dna., etc.)","module","Magento_Customer"
"Prefix Dropdown Options","Opțiuni dropdown prefix","module","Magento_Customer"
"Semicolon (;) separated values.<br/>Put semicolon in the beginning for empty first option.<br/>Leave empty for open text field.","Semicoloană (;) valori separate.<br/>Puneți semicoloana la început pentru o primă opțiune goală.<br/>Lăsați necompletat pentru câmp text opțional.","module","Magento_Customer"
"Show Middle Name (initial)","Afișați al doilea prenume (inițial)","module","Magento_Customer"
"Always optional.","întotdeauna opțional.","module","Magento_Customer"
"Show Suffix","Afișați sufix","module","Magento_Customer"
"The suffix that goes after name (Jr., Sr., etc.)","Sufixul care urmează numele (Jr., Sr., etc.)","module","Magento_Customer"
"Suffix Dropdown Options","Opțiuni dropdown sufix","module","Magento_Customer"
"Show Date of Birth","Afișați Data de naștere","module","Magento_Customer"
"Show Tax/VAT Number","Afișați numărul taxă/TVA","module","Magento_Customer"
"Show Gender","Afișați genul","module","Magento_Customer"
"Login Options","Opțiuni conectare","module","Magento_Customer"
"Redirect Customer to Account Dashboard after Logging in","Redirecționați clientul către Panoul Contului după conectare","module","Magento_Customer"
"Customer will stay on the current page if ""No"" is selected.","Clientul va rămâne pe pagina curentă dacă ""Nu"" este selectat.","module","Magento_Customer"
"Address Templates","șabloane adresă","module","Magento_Customer"
"Online Customers Options","Opțiuni clienți online","module","Magento_Customer"
"Online Minutes Interval","Interval minute online","module","Magento_Customer"
"Leave empty for default (15 minutes).","Lăsați necompletat pentru valoarea implicită (15 minute).","module","Magento_Customer"
"Enable Autocomplete on login/forgot password forms","Activați autofinalizarea la formele conectare/am uitat parola","module","Magento_Customer"
"Customer Grid","Grilă client","module","Magento_Customer"
"Rebuild Customer grid index","Reconstruire index grilă client","module","Magento_Customer"
"Group","Grup","module","Magento_Customer"
"Add New Customer","Adăugați client nou","module","Magento_Customer"
"Delete items","ștergeți articole","module","Magento_Customer"
"Are you sure to delete selected customers?","Sunteți sigur că doriți să ștergeți clienții selectați?","module","Magento_Customer"
"Subscribe to Newsletter","Abonați-vă la Buletinul informativ","module","Magento_Customer"
"Unsubscribe from Newsletter","Dezabonați-vă de la Buletinul informativ","module","Magento_Customer"
"Are you sure to unsubscribe selected customers from newsletter?","Sunteți sigur cădoriți să dezabonați clienții selectați de la Buletinul informativ?","module","Magento_Customer"
"Assign a Customer Group","Atribuiți un grup de clienți","module","Magento_Customer"
"Are you sure to assign selected customers to new group?","Sunteți sigur că doriți să atribuiți clienții selectați la un grup nou?","module","Magento_Customer"
"Phone","Telefon","module","Magento_Customer"
"ZIP","Cod poștal","module","Magento_Customer"
"Customer Since","Client de la","module","Magento_Customer"
"Last Logged In","Ultima conectare","module","Magento_Customer"
"Confirmed email","Email confirmat","module","Magento_Customer"
"Account Created in","Cont creat în","module","Magento_Customer"
"Tax VAT Number","Număr taxă TVA","module","Magento_Customer"
"Billing Firstname","Prenume facturare","module","Magento_Customer"
"Billing Lastname","Nume facturare","module","Magento_Customer"
"First Name","Prenume","module","Magento_Customer"
"Last Name","Nume","module","Magento_Customer"
"Session Start Time","Timp de începere sesiune","module","Magento_Customer"
"Last Activity","Ultima activitate","module","Magento_Customer"
"Type","Tip","module","Magento_Customer"
"Customer Information","Informații client","module","Magento_Customer"
"If your Magento site has multiple views, you can set the scope to apply to a specific view.","Dacă site-ul dumneavoatră Magento are vizualizări multiple, puteți seta domeniul pentru aplicare la o vizualizare specifică.","module","Magento_Customer"
"Send Welcome Email From","Trimiteți Email de Bun Venit de la","module","Magento_Customer"
"Addresses","Adrese","module","Magento_Customer"
"Are you sure you want to delete this item?","Sunteți sigur că doriți să ștergeți acest articol?","module","Magento_Customer"
"Account Dashboard","Panou cont","module","Magento_Customer"
"Edit Account Information","Editare informații cont","module","Magento_Customer"
"Password forgotten","Parolă uitată","module","Magento_Customer"
"My Dashboard","Panoul Meu","module","Magento_Customer"
"You are signed out.","Sunteți deconectat.","module","Magento_Customer"